INFORMATION TYPE;NAME;REPLACE_NAME;REPLACE_VAL;type;MSGTEXT;ALMTYPE;TAGLOGGING_ENABLE;TAGLOGGING_LONGTERM
DP;Control/Q0_1.Position;Pos0;B01.CSWI1.Pos.stVal;DP;;;0;1
DP;Control/Q51_1.Position;POS51;B01.CSWI2.Pos.stVal;DP;;;0;1
DP;Control/Q52_1.Position;POS52;B01.CSWI3.Pos.stVal;DP;;;0;1
DP;Control/Q81_1.Position;POS81;B01.CSWI4.Pos.stVal;DP;;;0;1
DP;Control/Q82_1.Position;POS82;B01.CSWI5.Pos.stVal;DP;;;0;1
DP;Control/Q91_1.Position;POS91;B01.CSWI6.Pos.stVal;DP;;;0;1
DP;Control/Q92_1.Position;POS92;B01.CSWI7.Pos.stVal;DP;;;0;1
ME_FL;Measurement/3-ph meas trans.f;F#Value;B01.MMXU0.Hz.mag.f;ME_FL;;;0;1
ME_FL;Measurement/3-ph meas trans.I.neut;I#Value;B01.MMXU0.A.neut.cVal.mag.f;ME_FL;;;0;1
ME_FL;Measurement/3-ph meas trans.I.phsA;I_A#Value;B01.MMXU0.A.phsA.cVal.mag.f;ME_FL;;;0;1
ME_FL;Measurement/3-ph meas trans.I.phsB;I_B#Value;B01.MMXU0.A.phsB.cVal.mag.f;ME_FL;;;0;1
ME_FL;Measurement/3-ph meas trans.I.phsC;I_C#Value;B01.MMXU0.A.phsC.cVal.mag.f;ME_FL;;;0;1
ME_FL;Measurement/3-ph meas trans.P;P#Value;B01.MMXU0.TotW.mag.f;ME_FL;;;0;1
ME_FL;Measurement/3-ph meas trans.cos;PF#Value;B01.MMXU0.TotPF.mag.f;ME_FL;;;0;1
ME_FL;Measurement/3-ph meas trans.Q;Q#Value;B01.MMXU0.TotVAr.mag.f;ME_FL;;;0;1
ME_FL;Measurement/3-ph meas trans.S;S#Value;B01.MMXU0.TotVA.mag.f;ME_FL;;;0;1
ME_FL;Protection/Fault locator.Fault distance;TPL511_FAULT_DIST;TPL511.MMXU0.Z.net.cVal.mag.f;ME_FL;;;0;1
ME_FL;Protection/Fault locator.Fault distance;TPL512_FAULT_DIST;TPL512.MMXU0.Z.net.cVal.mag.f;ME_FL;;;0;1
ME_FL;Measurement/3-ph meas trans.UE.phsA;U_A#Value;B01.MMXU0.PhV.phsA.cVal.mag.f;ME_FL;;;0;1
ME_FL;Measurement/3-ph meas trans.U.phsAB;U_AB#Value;B01.MMXU0.PPV.phsAB.cVal.mag.f;ME_FL;;;0;1
ME_FL;Measurement/3-ph meas trans.UE.phsB;U_B#Value;B01.MMXU0.PhV.phsB.cVal.mag.f;ME_FL;;;0;1
ME_FL;Measurement/3-ph meas trans.U.phsBC;U_BC#Value;B01.MMXU0.PPV.phsBC.cVal.mag.f;ME_FL;;;0;1
ME_FL;Measurement/3-ph meas trans.UE.phsC;U_C#Value;B01.MMXU0.PhV.phsC.cVal.mag.f;ME_FL;;;0;1
ME_FL;Measurement/3-ph meas trans.U.phsCA;U_CA#Value;B01.MMXU0.PPV.phsCA.cVal.mag.f;ME_FL;;;0;1
SP;Control/SSAAGGIO2.S1 - Alargamiento Escalon;ALARG_ESCALON;TGA5.GGIO0.SPCSO33.stVal;SP_ALARM;Alargamiento Escalon;ALARM;0;1
SP;Control/SSAAGGIO3.TGSACC - Alim. S2 Prot o CMD;ALIM_S2_CMD;TGA5.GGIO0.SPCSO66.stVal;SP_ALARM;Alim S2 Prot o CMD;ALARM;0;1
SP;Extended/pdGGIO32776.Failure EN100 Link Channel 1 (Ch1);BAHIA_CH1_FAIL;B01.GGIO0.SPCSO18.stVal;SP_ALARM;Failure EN100 Link Channel 1 (Ch1);ALARM;0;1
SP;Extended/pdGGIO32776.Failure EN100 Link Channel 2 (Ch2);BAHIA_CH2_FAIL;B01.GGIO0.SPCSO19.stVal;SP_ALARM;Failure EN100 Link Channel 2 (Ch2);ALARM;0;1
SP;Extended/pdGGIO2.Clock Synchronization Error;BAHIA_CLOCK_SYNC;B01.GGIO0.SPCSO20.stVal;SP_ALARM;Clock Synchronization Error;ALARM;0;1
SP;Control/SSAAGGIO1.Alarma 1 Cargador De Baterias 110Vcc;BAT110_ALM1;TGA5.GGIO0.SPCSO21.stVal;SP_ALARM;Alarma 1 Cargador De Baterias 110Vcc;ALARM;0;1
SP;Control/SSAAGGIO1.Alarma 2 Cargador De Baterias 110Vcc;BAT110_ALM2;TGA5.GGIO0.SPCSO23.stVal;SP_ALARM;Alarma 2 Cargador De Baterias 110Vcc;ALARM;0;1
SP;Control/SSAAGGIO1.Alarma 1 Cargador De Baterias 48Vcc;BAT48_ALM1;TGA5.GGIO0.SPCSO22.stVal;SP_ALARM;Alarma 1 Cargador De Baterias 48Vcc;ALARM;0;1
SP;Control/SSAAGGIO1.Alarma 2 Cargador De Baterias 48Vcc;BAT48_ALM2;TGA5.GGIO0.SPCSO24.stVal;SP_ALARM;Alarma 2 Cargador De Baterias 48Vcc;ALARM;0;1
SP;Control/SSAAGGIO1.Falla Interna Del Gateway;FALLA_GATEWAY;TGA5.GGIO0.SPCSO5.stVal;SP_ALARM;Falla Interna Del Gateway;ALARM;0;1
SP;Control/SSAAGGIO1.Falla Interna De La fuente Del HMI;FALLA_HMI;TGA5.GGIO0.SPCSO8.stVal;SP_ALARM;Falla Interna De La fuente Del HMI;ALARM;0;1
SP;Control/SSAAGGIO1.Falla Interna Del Switch;FALLA_SWITCH;TGA5.GGIO0.SPCSO6.stVal;SP_ALARM;Falla Interna Del Switch;ALARM;0;1
SP;Control/SSAAGGIO3.TGSACC - Falta Auxiliares SACC 132kV;FALTA_AUX_132;TGA5.GGIO0.SPCSO64.stVal;SP_ALARM;Falta Auxiliares SACC 132kV;ALARM;0;1
SP;Control/ALMGGIO1.FALTA ALIMENTACION CA;FALTA_CA;B01.GGIO0.SPCSO5.stVal;SP_ALARM;FALTA ALIMENTACION CA;ALARM;0;1
SP;Control/ALMGGIO1.FALTA ALIMENTACION CC;FALTA_CC;B01.GGIO0.SPCSO6.stVal;SP_ALARM;FALTA ALIMENTACION CC;ALARM;0;1
SP;Control/SSAAGGIO3.TGSACC - Falta Tension Se帽 y Alar Gral;FALTA_TENSION_ALARM;TGA5.GGIO0.SPCSO62.stVal;SP_ALARM;Falta Tension Se馻l y Alarma Gral;ALARM;0;1
SP;Extended/pdGGIO32776.Failure EN100 Link Channel 1 (Ch1);IO_CH1_FAIL;TGA5.GGIO0.SPCSO82.stVal;SP_ALARM;Failure EN100 Link Channel 1 (Ch1);ALARM;0;1
SP;Extended/pdGGIO32776.Failure EN100 Link Channel 2 (Ch2);IO_CH2_FAIL;TGA5.GGIO0.SPCSO83.stVal;SP_ALARM;Failure EN100 Link Channel 2 (Ch2);ALARM;0;1
SP;Extended/pdGGIO2.Clock Synchronization Error;IO_CLOCK_SYNC;TGA5.GGIO0.SPCSO81.stVal;SP_ALARM;Clock Synchronization Error;ALARM;0;1
SP;Control/SSAAGGIO1.5SACC48 - Falta Alim 1 Coms.;IO_TENSION1;TGA5.GGIO0.SPCSO26.stVal;SP_ALARM;Falta Alim 1 Coms;ALARM;0;1
SP;Control/SSAAGGIO1.5SACC48 - Falta Alim 2 Coms.;IO_TENSION2;TGA5.GGIO0.SPCSO28.stVal;SP_ALARM;Falta Alim 2 Coms;ALARM;0;1
SP;Control/ALMGGIO1.PROTECCION DE MOTOR;MOTOR_PROT;B01.GGIO0.SPCSO11.stVal;SP_ALARM;PROTECCION DE MOTOR;ALARM;0;1
SP;Control/SSAAGGIO2.S1 - Alarmas Interrumpidas;S1_ALARM_INTERRUPT;TGA5.GGIO0.SPCSO37.stVal;SP_ALARM;Alarmas Interrumpidas;ALARM;0;1
SP;Control/SSAAGGIO2.S1 - Disparo General;S1_DISPGRAL;TGA5.GGIO0.SPCSO34.stVal;SP_ALARM;Disparo General;ALARM;0;1
SP;Control/SSAAGGIO2.S1 - Falla Algun Circuito De Disparo;S1_FALLA_DISP;TGA5.GGIO0.SPCSO36.stVal;SP_ALARM;Falla Algun Circuito De Disparo;ALARM;0;1
SP;Control/SSAAGGIO2.S1 - Interruptor Bloqueado;S1_INT_BLOQ;TGA5.GGIO0.SPCSO38.stVal;SP_ALARM;Interruptor Bloqueado;ALARM;0;1
SP;Control/SSAAGGIO2.S1 - Proteccion No Operativa;S1_PROT_NOOP;TGA5.GGIO0.SPCSO35.stVal;SP_ALARM;Proteccion No Operativa;ALARM;0;1
SP;Control/SSAAGGIO2.S2 - Alarmas Interrumpidas;S2_ALARM_INTERRUPT;TGA5.GGIO0.SPCSO44.stVal;SP_ALARM;Alarmas Interrumpidas;ALARM;0;1
SP;Control/SSAAGGIO2.S2 - Disparo General;S2_DISPGRAL;TGA5.GGIO0.SPCSO41.stVal;SP_ALARM;Disparo General;ALARM;0;1
SP;Control/SSAAGGIO2.S2 - Falla Algun Circuito De Disparo;S2_FALLA_DISP;TGA5.GGIO0.SPCSO43.stVal;SP_ALARM;Falla Algun Circuito De Disparo;ALARM;0;1
SP;Control/SSAAGGIO2.S2 - Interruptor Bloqueado;S2_INT_BLOQ;TGA5.GGIO0.SPCSO45.stVal;SP_ALARM;Interruptor Bloqueado;ALARM;0;1
SP;Control/SSAAGGIO2.S2 - Proteccion No Operativa;S2_PROT_NOOP;TGA5.GGIO0.SPCSO42.stVal;SP_ALARM;Proteccion No Operativa;ALARM;0;1
SP;Control/SSAAGGIO2.S1 - Sin Recierre;SIN_RECIERRE;TGA5.GGIO0.SPCSO32.stVal;SP_ALARM;Sin Recierre;ALARM;0;1
SP;Control/SSAAGGIO2.TCOM5 - Alarma K1 Teleprotecci贸n 1;TELEPROT_1K1;TGA5.GGIO0.SPCSO54.stVal;SP_ALARM;Alarma K1 Teleprotecci髇 1;ALARM;0;1
SP;Control/SSAAGGIO2.TCOM5 - Alarma K2 Teleprotecci贸n 1;TELEPROT_1K2;TGA5.GGIO0.SPCSO55.stVal;SP_ALARM;Alarma K2 Teleprotecci髇 1;ALARM;0;1
SP;Control/SSAAGGIO2.TCOM5 - Alarma K3 Teleprotecci贸n 1;TELEPROT_1K3;TGA5.GGIO0.SPCSO56.stVal;SP_ALARM;Alarma K3 Teleprotecci髇 1;ALARM;0;1
SP;Control/SSAAGGIO2.TCOM5 - Alarma K1 Teleprotecci贸n 2;TELEPROT_2K1;TGA5.GGIO0.SPCSO57.stVal;SP_ALARM;Alarma K1 Teleprotecci髇 2;ALARM;0;1
SP;Control/SSAAGGIO2.TCOM5 - Alarma K2 Teleprotecci贸n 2;TELEPROT_2K2;TGA5.GGIO0.SPCSO58.stVal;SP_ALARM;Alarma K2 Teleprotecci髇 2;ALARM;0;1
SP;Control/SSAAGGIO2.TCOM5 - Alarma K3 Teleprotecci贸n 2;TELEPROT_2K3;TGA5.GGIO0.SPCSO59.stVal;SP_ALARM;Alarma K3 Teleprotecci髇 2;ALARM;0;1
SP;Control/SSAAGGIO2.TCOM5 - Falta Tension 1 IDU;TENSION_1IDU;TGA5.GGIO0.SPCSO49.stVal;SP_ALARM;Falta Tension 1 IDU;ALARM;0;1
SP;Control/SSAAGGIO2.TCOM5 - Falta Tension 1 MUX1;TENSION_1MUX1;TGA5.GGIO0.SPCSO46.stVal;SP_ALARM;Falta Tension 1 MUX1;ALARM;0;1
SP;Control/SSAAGGIO2.TCOM5 - Falta Tension 1 MUX2;TENSION_1MUX2;TGA5.GGIO0.SPCSO47.stVal;SP_ALARM;Falta Tension 1 MUX2;ALARM;0;1
SP;Control/SSAAGGIO2.TCOM5 - Falta Tension 1 TP1_2;TENSION_1TP12;TGA5.GGIO0.SPCSO48.stVal;SP_ALARM;Falta Tension 1 TP1_2;ALARM;0;1
SP;Control/SSAAGGIO2.TCOM5 - Falta Tension 2 IDU;TENSION_2IDU;TGA5.GGIO0.SPCSO53.stVal;SP_ALARM;Falta Tension 2 IDU;ALARM;0;1
SP;Control/SSAAGGIO2.TCOM5 - Falta Tension 2 MUX1;TENSION_2MUX1;TGA5.GGIO0.SPCSO50.stVal;SP_ALARM;Falta Tension 2 MUX1;ALARM;0;1
SP;Control/SSAAGGIO2.TCOM5 - Falta Tension 2 MUX2;TENSION_2MUX2;TGA5.GGIO0.SPCSO51.stVal;SP_ALARM;Falta Tension 2 MUX2;ALARM;0;1
SP;Control/SSAAGGIO2.TCOM5 - Falta Tension 2 TP1_2;TENSION_2TP12;TGA5.GGIO0.SPCSO52.stVal;SP_ALARM;Falta Tension 2 TP1_2;ALARM;0;1
SP;Control/SSAAGGIO3.TGSACC - Falta Tension Ilum. Emergencia;TENSION_EMERGILUM;TGA5.GGIO0.SPCSO63.stVal;SP_ALARM;Falta Tension Ilum Emergencia;ALARM;0;1
SP;Control/SSAAGGIO1.5SACC48 - Falta Alim Extractor Shelter;TENSION_EXTRACT;TGA5.GGIO0.SPCSO27.stVal;SP_ALARM;Falta Alim Extractor Shelter;ALARM;0;1
SP;Control/SSAAGGIO1.Falta Tensi贸n De Alim. Del Gateway;TENSION_GATEWAY;TGA5.GGIO0.SPCSO0.stVal;SP_ALARM;Falta Tensi髇 De Alim Del Gateway;ALARM;0;1
SP;Control/SSAAGGIO1.Falta Tensi贸n De Alim. Del GPS;TENSION_GPS;TGA5.GGIO0.SPCSO2.stVal;SP_ALARM;Falta Tensi髇 De Alim Del GPS;ALARM;0;1
SP;Control/SSAAGGIO1.Falta Tensi贸n De Alim. Del HMI;TENSION_HMI;TGA5.GGIO0.SPCSO3.stVal;SP_ALARM;Falta Tensi髇 De Alim Del HMI;ALARM;0;1
SP;Control/ALMGGIO1.FALTA TENSI脫N MCB T5;TENSION_MCB_T5;B01.GGIO0.SPCSO7.stVal;SP_ALARM;FALTA TENSI覰 MCB T5;ALARM;0;1
SP;Control/ALMGGIO1.FALTA TENSI脫N MCB T6;TENSION_MCB_T6;B01.GGIO0.SPCSO8.stVal;SP_ALARM;FALTA TENSI覰 MCB T6;ALARM;0;1
SP;Control/SSAAGGIO1.Falta Tensi贸n De Alim. Del Switch;TENSION_SWITCH;TGA5.GGIO0.SPCSO1.stVal;SP_ALARM;Falta Tensi髇 De Alim Del Switch;ALARM;0;1
SP;Control/ALMGGIO1.Alarmas Interrumpidas;TPL511_ALARM_INT;TPL511.GGIO0.SPCSO1.stVal;SP_ALARM;TPL511 Alarmas Interrumpidas;ALARM;0;1
SP;Extended/pdGGIO113.Backup O_C General TRIP command;TPL511_BACKUP_TRIP;TPL511.GGIO0.SPCSO11.stVal;SP_ALARM;TPL511 Backup O_C General TRIP command;ALARM;0;1
SP;Extended/pdGGIO32768.Failure EN100 Link Channel 1 (Ch1);TPL511_CH1;TPL511.GGIO0.SPCSO17.stVal;SP_ALARM;TPL511 Failure EN100 Link Channel 1 (Ch1);ALARM;0;1
SP;Extended/pdGGIO32768.Failure EN100 Link Channel 2 (Ch2);TPL511_CH2;TPL511.GGIO0.SPCSO18.stVal;SP_ALARM;TPL511 Failure EN100 Link Channel 2 (Ch2);ALARM;0;1
SP;Extended/pdGGIO2.Clock Synchronization Error;TPL511_CLOCK_SYNC;TPL511.GGIO0.SPCSO15.stVal;SP_ALARM;TPL511 Clock Synchronization Error;ALARM;0;1
SP;Extended/pdGGIO50.Diff: Differential protection is blocked;TPL511_DIFF_BLOCK;TPL511.GGIO0.SPCSO25.stVal;SP_ALARM;TPL511 Diff: Differential protection is blocked;ALARM;0;1
SP;Protection/DIFF general.TRIP;TPL511_DIFF_TRIP;TPL511.GGIO0.SPCSO34.stVal;SP_ALARM;TPL511 DIFF general TRIP;ALARM;0;1
SP;Extended/pdGGIO58.Distance is BLOCKED;TPL511_DIST_BLOCK;TPL511.GGIO0.SPCSO27.stVal;SP_ALARM;TPL511 Distance is BLOCKED;ALARM;0;1
SP;Protection/Dist Teleprot.WeakInfeedTrip;TPL511_DIST_TELEPROT;TPL511.GGIO0.SPCSO35.stVal;SP_ALARM;TPL511 WeakInfeedTrip;ALARM;0;1
SP;Extended/pdGGIO60.Distance protection: General trip;TPL511_DISTANCE_TRIP;TPL511.GGIO0.SPCSO30.stVal;SP_ALARM;TPL511 Distance protection: General trip;ALARM;0;1
SP;Control/ALMGGIO1.Alargamiento escalon;TPL511_ESCALON;TPL511.GGIO0.SPCSO0.stVal;SP_ALARM;TPL511 Alargamiento escalon;ALARM;0;1
SP;Extended/pdGGIO6.>Failure: Usy4 VT (MCB tripped);TPL511_FAIL_USY4;TPL511.GGIO0.SPCSO29.stVal;SP_ALARM;TPL511 Failure: Usy4 VT (MCB tripped);ALARM;0;1
SP;Extended/pdGGIO6.>Failure: Feeder VT (MCB tripped);TPL511_FEEDER_FAIL;TPL511.GGIO0.SPCSO28.stVal;SP_ALARM;TPL511 Failure: Feeder VT (MCB tripped);ALARM;0;1
SP;Extended/pdGGIO22.E_F General TRIP command;TPL511_GENTRIP;TPL511.GGIO0.SPCSO16.stVal;SP_ALARM;TPL511 E_F General TRIP command;ALARM;0;1
SP;Control/ALMGGIO1.Llave en Bloqueada;TPL511_LLAVE_BLOQ;TPL511.GGIO0.SPCSO7.stVal;SP_ALARM;TPL511 Llave en Bloqueada;ALARM;0;1
SP;Protection/Undervolt ph<<.TRIP;TPL511_PHLVTRIP;TPL511.GGIO0.SPCSO42.stVal;SP_ALARM;TPL511 Undervolt ph TRIP;ALARM;0;1
SP;Extended/pdGGIO66.Power Swing detected;TPL511_POWER_SWING;TPL511.GGIO0.SPCSO32.stVal;SP_ALARM;TPL511 Power Swing detected;ALARM;0;1
SP;Extended/pdGGIO51.Prot Int 1: Total receiption failure;TPL511_PROT_INT1;TPL511.GGIO0.SPCSO26.stVal;SP_ALARM;TPL511 Prot Int 1: Total receiption failure;ALARM;0;1
SP;Extended/pdGGIO8.Relay GENERAL TRIP command;TPL511_RELAY_TRIP;TPL511.GGIO0.SPCSO33.stVal;SP_ALARM;TPL511 Relay GENERAL TRIP command;ALARM;0;1
SP;Protection/Undervol phph<<.TRIP;TPL511_UNDERVV_TRIP;TPL511.GGIO0.SPCSO41.stVal;SP_ALARM;TPL511 Undervolt phph TRIP;ALARM;0;1
SP;Extended/pdGGIO161.Uph-e>(>) TRIP command;TPL511_VFASE_TRIP;TPL511.GGIO0.SPCSO12.stVal;SP_ALARM;TPL511 Uph-e TRIP command;ALARM;0;1
SP;Extended/pdGGIO161.Uph-ph>(>) TRIP command;TPL511_VV_TRIP;TPL511.GGIO0.SPCSO14.stVal;SP_ALARM;TPL511 Uph-ph TRIP command;ALARM;0;1
SP;Control/ALMGGIO1.Alarmas Interrumpidas;TPL512_ALARM_INT;TPL512.GGIO0.SPCSO1.stVal;SP_ALARM;TPL512 Alarmas Interrumpidas;ALARM;0;1
SP;Extended/pdGGIO113.Backup O_C General TRIP command;TPL512_BACKUP_TRIP;TPL512.GGIO0.SPCSO11.stVal;SP_ALARM;TPL512 Backup O_C General TRIP command;ALARM;0;1
SP;Extended/pdGGIO32768.Failure EN100 Link Channel 1 (Ch1);TPL512_CH1;TPL512.GGIO0.SPCSO17.stVal;SP_ALARM;TPL512 Failure EN100 Link Channel 1 (Ch1);ALARM;0;1
SP;Extended/pdGGIO32768.Failure EN100 Link Channel 2 (Ch2);TPL512_CH2;TPL512.GGIO0.SPCSO18.stVal;SP_ALARM;TPL512 Failure EN100 Link Channel 2 (Ch2);ALARM;0;1
SP;Extended/pdGGIO2.Clock Synchronization Error;TPL512_CLOCK_SYNC;TPL512.GGIO0.SPCSO15.stVal;SP_ALARM;TPL512 Clock Synchronization Error;ALARM;0;1
SP;Extended/pdGGIO50.Diff: Differential protection is blocked;TPL512_DIFF_BLOCK;TPL512.GGIO0.SPCSO25.stVal;SP_ALARM;TPL512 Diff: Differential protection is blocked;ALARM;0;1
SP;Protection/DIFF general.TRIP;TPL512_DIFF_TRIP;TPL512.GGIO0.SPCSO34.stVal;SP_ALARM;TPL512 DIFF general TRIP;ALARM;0;1
SP;Extended/pdGGIO58.Distance is BLOCKED;TPL512_DIST_BLOCK;TPL512.GGIO0.SPCSO27.stVal;SP_ALARM;TPL512 Distance is BLOCKED;ALARM;0;1
SP;Extended/pdGGIO60.Distance protection: General trip;TPL512_DISTANCE_TRIP;TPL512.GGIO0.SPCSO30.stVal;SP_ALARM;TPL512 Distance protection: General trip;ALARM;0;1
SP;Control/ALMGGIO1.Alargamiento escalon;TPL512_ESCALON;TPL512.GGIO0.SPCSO0.stVal;SP_ALARM;TPL512 Alargamiento escalon;ALARM;0;1
SP;Extended/pdGGIO6.>Failure: Usy4 VT (MCB tripped);TPL512_FAIL_USY4;TPL512.GGIO0.SPCSO29.stVal;SP_ALARM;TPL512 Failure: Usy4 VT (MCB tripped);ALARM;0;1
SP;Extended/pdGGIO6.>Failure: Feeder VT (MCB tripped);TPL512_FEEDER_FAIL;TPL512.GGIO0.SPCSO28.stVal;SP_ALARM;TPL512 Failure: Feeder VT (MCB tripped);ALARM;0;1
SP;Extended/pdGGIO22.E_F General TRIP command;TPL512_GENTRIP;TPL512.GGIO0.SPCSO16.stVal;SP_ALARM;TPL512 E_F General TRIP command;ALARM;0;1
SP;Control/ALMGGIO1.Llave en Bloqueada;TPL512_LLAVE_BLOQ;TPL512.GGIO0.SPCSO7.stVal;SP_ALARM;TPL512 Llave en Bloqueada;ALARM;0;1
SP;Extended/pdGGIO66.Power Swing detected;TPL512_POWER_SWING;TPL512.GGIO0.SPCSO32.stVal;SP_ALARM;TPL512 Power Swing detected;ALARM;0;1
SP;Extended/pdGGIO51.Prot Int 1: Total receiption failure;TPL512_PROT_INT1;TPL512.GGIO0.SPCSO26.stVal;SP_ALARM;TPL512 Prot Int 1: Total receiption failure;ALARM;0;1
SP;Extended/pdGGIO8.Relay GENERAL TRIP command;TPL512_RELAY_TRIP;TPL512.GGIO0.SPCSO33.stVal;SP_ALARM;TPL512 Relay GENERAL TRIP command;ALARM;0;1
SP;Protection/Undervolt ph<<.TRIP;TPL512_UNDERV_TRIP;TPL512.GGIO0.SPCSO42.stVal;SP_ALARM;TPL512 Undervolt ph TRIP;ALARM;0;1
SP;Protection/Undervol phph<<.TRIP;TPL512_UNDERVV_TRIP;TPL512.GGIO0.SPCSO41.stVal;SP_ALARM;TPL512 Undervolt phph TRIP;ALARM;0;1
SP;Extended/pdGGIO161.Uph-e>(>) TRIP command;TPL512_VFASE_TRIP;TPL512.GGIO0.SPCSO12.stVal;SP_ALARM;TPL512 Uph-e TRIP command;ALARM;0;1
SP;Extended/pdGGIO161.Uph-ph>(>) TRIP command;TPL512_VV_TRIP;TPL512.GGIO0.SPCSO14.stVal;SP_ALARM;TPL512 Uph-ph TRIP command;ALARM;0;1
SP;Control/SSAAGGIO3.TGSACA - Aire Acondicionado;AIRE_ACOND;TGA5.GGIO0.SPCSO76.stVal;SP_WARN;Aire Acondicionado;WARN;0;1
SP;Control/SSAAGGIO3.TGSACA - Salidas Alimentaciones Campo 01;ALIM_CAMPO_CA;TGA5.GGIO0.SPCSO72.stVal;SP_WARN;Salidas Alimentaciones Campo 01;WARN;0;1
SP;Control/SSAAGGIO3.TGSACC - Salidas Alimentaciones Campo 01;ALIM_CAMPO_CC;TGA5.GGIO0.SPCSO61.stVal;SP_WARN;Salidas Alimentaciones Campo 01;WARN;0;1
SP;Control/SSAAGGIO3.TGSACA - Cargador De Baterias 110Vcc;BAT_110;TGA5.GGIO0.SPCSO78.stVal;SP_WARN;Cargador De Baterias 110Vcc;WARN;0;1
SP;Control/SSAAGGIO3.TGSACA - Cargador De Baterias 48Vcc;BAT_48;TGA5.GGIO0.SPCSO79.stVal;SP_WARN;Cargador De Baterias 48Vcc;WARN;0;1
SP;Control/SSAAGGIO3.TGSACA - Bomba De Achique;BOMBA_ACHIQUE;TGA5.GGIO0.SPCSO77.stVal;SP_WARN;Bomba De Achique;WARN;0;1
SP;Control/SSAAGGIO3.TGSACA - Calef. E Ilum. Tableros;CALEF_ILUM;TGA5.GGIO0.SPCSO74.stVal;SP_WARN;Calef E Ilum Tableros;WARN;0;1
SP;Control/SSAAGGIO3.TGSACA - Iluminacion Automatica De Playa;ILUM_PLAYA;TGA5.GGIO0.SPCSO73.stVal;SP_WARN;Iluminacion Automatica De Playa;WARN;0;1
SP;Control/ALMGGIO1.BAHIA EN LOCAL;Loc;B01.GGIO0.SPCSO9.stVal;SP;BAHIA EN LOCAL;WARN;0;1
SP;Control/ALMGGIO1.ALGUNA MANIVELA INSERTADA;MAN_INS;B01.GGIO0.SPCSO0.stVal;SP_WARN;ALGUNA MANIVELA INSERTADA;WARN;0;1
SP;Control/ALMGGIO1.SUPERV CARRERA MOTOR;MOTOR_FC;B01.GGIO0.SPCSO13.stVal;SP_WARN;SUPERV CARRERA MOTOR;WARN;0;1
SP;Control/SSAAGGIO2.S1 - Recierre En Servicio Monofasico;RECIERRE_MON;TGA5.GGIO0.SPCSO31.stVal;SP_WARN;Recierre En Servicio Monofasico;WARN;0;1
SP;Control/SSAAGGIO3.TGSACA - Rele De Tensi贸n;RELE_TENSION;TGA5.GGIO0.SPCSO71.stVal;SP_WARN;Rele De Tensi髇;WARN;0;1
SP;Control/ALMGGIO1.RESORTE DESCARGADO;RESORTE;B01.GGIO0.SPCSO15.stVal;SP_WARN;RESORTE DESCARGADO;WARN;0;1
SP;Control/SSAAGGIO1.Posicion 0 Conmutador SACC 132kV;SACC_POS0;TGA5.GGIO0.SPCSO11.stVal;SP_WARN;Posicion 0 Conmutador SACC 132kV;WARN;0;1
SP;Control/SSAAGGIO1.Posicion I Conmutador SACC 132kV;SACC_POS1;TGA5.GGIO0.SPCSO12.stVal;SP_WARN;Posicion I Conmutador SACC 132kV;WARN;0;1
SP;Control/SSAAGGIO1.Posicion II Conmutador SACC 132kV;SACC_POS2;TGA5.GGIO0.SPCSO13.stVal;SP_WARN;Posicion II Conmutador SACC 132kV;WARN;0;1
SP;Control/SSAAGGIO1.5SACC48 - Seccionador Principal;SECC_PPAL;TGA5.GGIO0.SPCSO25.stVal;SP_WARN;Seccionador Principal;WARN;0;1
SP;Control/ALMGGIO1.COMPART 1 - PERDIDA SF6;SF6_1;B01.GGIO0.SPCSO16.stVal;SP_WARN;COMPART 1 - PERDIDA SF6;WARN;0;1
SP;Control/ALMGGIO1.COMPART 2 - PERDIDA SF6;SF6_2;B01.GGIO0.SPCSO2.stVal;SP_WARN;COMPART 2 - PERDIDA SF6;WARN;0;1
SP;Control/ALMGGIO1.COMPART 3 - PERDIDA SF6;SF6_3;B01.GGIO0.SPCSO3.stVal;SP_WARN;COMPART 3 - PERDIDA SF6;WARN;0;1
SP;Control/ALMGGIO1.COMPART 4 - PERDIDA SF6;SF6_4;B01.GGIO0.SPCSO4.stVal;SP_WARN;COMPART 4 - PERDIDA SF6;WARN;0;1
SP;Control/ALMGGIO1.BLOQ FUNCIONAL SF6;SF6_BLOQ;B01.GGIO0.SPCSO10.stVal;SP_WARN;BLOQ FUNCIONAL SF6;WARN;0;1
SP;Control/ALMGGIO1.ALTA DENSIDAD SF6;SF6_H;B01.GGIO0.SPCSO1.stVal;SP_WARN;ALTA DENSIDAD SF6;WARN;0;1
SP;Control/ALMGGIO1.BAJA DENSIDAD SF6;SF6_L;B01.GGIO0.SPCSO17.stVal;SP_WARN;BAJA DENSIDAD SF6;WARN;0;1
SP;Control/ALMGGIO1.PERDIDA DE SF6;SF6_PERD;B01.GGIO0.SPCSO12.stVal;SP_WARN;PERDIDA DE SF6;WARN;0;1
SP;Port_01_LinkDown;SWITCH_P1;SW.GGIO0.SPCSO0.stVal;SP_WARN;Port_01_LinkDown;WARN;0;1
SP;Port_11_LinkDown;SWITCH_P11;SW.GGIO0.SPCSO9.stVal;SP_WARN;Port_11_LinkDown;WARN;0;1
SP;Port_13_LinkDown;SWITCH_P13;SW.GGIO0.SPCSO10.stVal;SP_WARN;Port_13_LinkDown;WARN;0;1
SP;Port_14_LinkDown;SWITCH_P14;SW.GGIO0.SPCSO11.stVal;SP_WARN;Port_14_LinkDown;WARN;0;1
SP;Port_15_LinkDown;SWITCH_P15;SW.GGIO0.SPCSO12.stVal;SP_WARN;Port_15_LinkDown;WARN;0;1
SP;Port_16_LinkDown;SWITCH_P16;SW.GGIO0.SPCSO13.stVal;SP_WARN;Port_16_LinkDown;WARN;0;1
SP;Port_17_LinkDown;SWITCH_P17;SW.GGIO0.SPCSO14.stVal;SP_WARN;Port_17_LinkDown;WARN;0;1
SP;Port_18_LinkDown;SWITCH_P18;SW.GGIO0.SPCSO15.stVal;SP_WARN;Port_18_LinkDown;WARN;0;1
SP;Port_19_LinkDown;SWITCH_P19;SW.GGIO0.SPCSO16.stVal;SP_WARN;Port_19_LinkDown;WARN;0;1
SP;Port_02_LinkDown;SWITCH_P2;SW.GGIO0.SPCSO1.stVal;SP_WARN;Port_02_LinkDown;WARN;0;1
SP;Port_20_LinkDown;SWITCH_P20;SW.GGIO0.SPCSO17.stVal;SP_WARN;Port_20_LinkDown;WARN;0;1
SP;Port_03_LinkDown;SWITCH_P3;SW.GGIO0.SPCSO2.stVal;SP_WARN;Port_03_LinkDown;WARN;0;1
SP;Port_04_LinkDown;SWITCH_P4;SW.GGIO0.SPCSO3.stVal;SP_WARN;Port_04_LinkDown;WARN;0;1
SP;Port_05_LinkDown;SWITCH_P5;SW.GGIO0.SPCSO4.stVal;SP_WARN;Port_05_LinkDown;WARN;0;1
SP;Port_06_LinkDown;SWITCH_P6;SW.GGIO0.SPCSO5.stVal;SP_WARN;Port_06_LinkDown;WARN;0;1
SP;Port_07_LinkDown;SWITCH_P7;SW.GGIO0.SPCSO6.stVal;SP_WARN;Port_07_LinkDown;WARN;0;1
SP;Port_08_LinkDown;SWITCH_P8;SW.GGIO0.SPCSO7.stVal;SP_WARN;Port_08_LinkDown;WARN;0;1
SP;Port_09_LinkDown;SWITCH_P9;SW.GGIO0.SPCSO8.stVal;SP_WARN;Port_09_LinkDown;WARN;0;1
SP;Control/ALMGGIO1.SINCRONISMO FORZADO 1_2;SYNCFORCE_12;B01.GGIO0.SPCSO14.stVal;SP_WARN;SINCRONISMO FORZADO 1_2;WARN;0;1
SP;Control/SSAAGGIO3.TGSACA - Tablero Seccional Shelter;TABLERO_SHELTER;TGA5.GGIO0.SPCSO75.stVal;SP_WARN;Tablero Seccional Shelter;WARN;0;1
SP;Control/SSAAGGIO3.TGSACC - Tomas De Playa;TOMAS_PLAYA;TGA5.GGIO0.SPCSO65.stVal;SP_WARN;Tomas De Playa;WARN;0;1
SP;Control/ALMGGIO1.Arranque ext. PFI;TPL511_ARRANQUE;TPL511.GGIO0.SPCSO2.stVal;SP_WARN;TPL511 Arranque ext PFI;WARN;0;1
SP;Extended/pdGGIO44.AR: Auto-reclose in progress;TPL511_AUTORECLOSE;TPL511.GGIO0.SPCSO22.stVal;SP_WARN;TPL511 AR: Auto-reclose in progress;WARN;0;1
SP;Extended/pdGGIO43.>AR: Switch off auto-reclose function;TPL511_AUTORECLOSE_OFF;TPL511.GGIO0.SPCSO21.stVal;SP_WARN;TPL511 AR: Switch off auto-reclose function;WARN;0;1
SP;Extended/pdGGIO43.>AR: Block 1pole AR-cycle;TPL511_BLOCK1POLE;TPL511.GGIO0.SPCSO19.stVal;SP_WARN;TPL511 AR: Block 1pole AR-cycle;WARN;0;1
SP;Extended/pdGGIO43.>AR: Block 3pole AR-cycle;TPL511_BLOCK3POLE;TPL511.GGIO0.SPCSO20.stVal;SP_WARN;TPL511 AR: Block 3pole AR-cycle;WARN;0;1
SP;Control/ALMGGIO1.Bloqueo AR por disparo ext;TPL511_BLOQAR_EXT;TPL511.GGIO0.SPCSO3.stVal;SP_WARN;TPL511 Bloqueo AR por disparo ext;WARN;0;1
SP;Control/ALMGGIO1.By Pass F1;TPL511_BYPASS;TPL511.GGIO0.SPCSO4.stVal;SP_WARN;TPL511 By Pass F1;WARN;0;1
SP;Extended/pdGGIO45.AR: Close command;TPL511_CLOSECMD;TPL511.GGIO0.SPCSO24.stVal;SP_WARN;TPL511 AR: Close command;WARN;0;1
SP;Extended/pdGGIO44.AR: Maximum dead time expired;TPL511_DEADTIME;TPL511.GGIO0.SPCSO23.stVal;SP_WARN;TPL511 AR: Maximum dead time expired;WARN;0;1
SP;Extended/pdGGIO63.>Dis.Tele. Carrier RECEPTION Channel 1;TPL511_DISTTELE_CH1;TPL511.GGIO0.SPCSO31.stVal;SP_WARN;TPL511 Dis Tele Carrier RECEPTION Channel 1;WARN;0;1
SP;Control/ALMGGIO1.Emision TDD S_B;TPL511_EMISION;TPL511.GGIO0.SPCSO6.stVal;SP_WARN;TPL511 Emision TDD S_B;WARN;0;1
SP;Control/ALMGGIO1.Emision TDD C_B;TPL511_EMISION_TDD;TPL511.GGIO0.SPCSO5.stVal;SP_WARN;TPL511 Emision TDD C_B;WARN;0;1
SP;Control/ALMGGIO1.Llave en Prueba;TPL511_LLAVE_TEST;TPL511.GGIO0.SPCSO8.stVal;SP_WARN;TPL511 Llave en Prueba;WARN;0;1
SP;Protection/Total.Pickup;TPL511_PICKUP;TPL511.GGIO0.SPCSO36.stVal;SP_WARN;TPL511 Pickup;WARN;0;1
SP;Protection/Total.Pickup.phsA;TPL511_PICKUPA;TPL511.GGIO0.SPCSO38.stVal;SP_WARN;TPL511 Pickup phsA;WARN;0;1
SP;Protection/Total.Pickup.phsB;TPL511_PICKUPB;TPL511.GGIO0.SPCSO39.stVal;SP_WARN;TPL511 Pickup phsB;WARN;0;1
SP;Protection/Total.Pickup.phsC;TPL511_PICKUPC;TPL511.GGIO0.SPCSO40.stVal;SP_WARN;TPL511 Pickup phsC;WARN;0;1
SP;Protection/Total.Pickup.neut;TPL511_PICKUPN;TPL511.GGIO0.SPCSO37.stVal;SP_WARN;TPL511 Pickup neut;WARN;0;1
SP;Control/ALMGGIO1.Rx TDD_C_B;TPL511_RXC;TPL511.GGIO0.SPCSO9.stVal;SP_WARN;TPL511 Rx TDD_C_B;WARN;0;1
SP;Control/ALMGGIO1.Rx TDD_S_B;TPL511_RXS;TPL511.GGIO0.SPCSO10.stVal;SP_WARN;TPL511 Rx TDD_S_B;WARN;0;1
SP;Extended/pdGGIO161.Uph-ph> TimeOut;TPL511_VPHTIMEOUT;TPL511.GGIO0.SPCSO13.stVal;SP_WARN;TPL511 Uph-ph TimeOut;WARN;0;1
SP;Control/ALMGGIO1.Arranque ext. PFI;TPL512_ARRANQUE;TPL512.GGIO0.SPCSO2.stVal;SP_WARN;TPL512 Arranque ext PFI;WARN;0;1
SP;Extended/pdGGIO44.AR: Auto-reclose in progress;TPL512_AUTORECLOSE;TPL512.GGIO0.SPCSO22.stVal;SP_WARN;TPL512 AR: Auto-reclose in progress;WARN;0;1
SP;Extended/pdGGIO43.>AR: Switch off auto-reclose function;TPL512_AUTORECLOSE_OFF;TPL512.GGIO0.SPCSO21.stVal;SP_WARN;TPL512 AR: Switch off auto-reclose function;WARN;0;1
SP;Extended/pdGGIO43.>AR: Block 1pole AR-cycle;TPL512_BLOCK1POLE;TPL512.GGIO0.SPCSO19.stVal;SP_WARN;TPL512 AR: Block 1pole AR-cycle;WARN;0;1
SP;Extended/pdGGIO43.>AR: Block 3pole AR-cycle;TPL512_BLOCK3POLE;TPL512.GGIO0.SPCSO20.stVal;SP_WARN;TPL512 AR: Block 3pole AR-cycle;WARN;0;1
SP;Control/ALMGGIO1.Bloqueo AR por disparo 87T;TPL512_BLOQAR_87T;TPL512.GGIO0.SPCSO3.stVal;SP_WARN;TPL512 Bloqueo AR por disparo 87T;WARN;0;1
SP;Control/ALMGGIO1.By Pass F1;TPL512_BYPASS;TPL512.GGIO0.SPCSO4.stVal;SP_WARN;TPL512 By Pass F1;WARN;0;1
SP;Extended/pdGGIO45.AR: Close command;TPL512_CLOSECMD;TPL512.GGIO0.SPCSO24.stVal;SP_WARN;TPL512 AR: Close command;WARN;0;1
SP;Extended/pdGGIO44.AR: Maximum dead time expired;TPL512_DEADTIME;TPL512.GGIO0.SPCSO23.stVal;SP_WARN;TPL512 AR: Maximum dead time expired;WARN;0;1
SP;Protection/Dist Teleprot.WeakInfeedTrip;TPL512_DIST_TELEPROT;TPL512.GGIO0.SPCSO35.stVal;SP_WARN;TPL512 Dist Teleprot Weak Infeed Trip;WARN;0;1
SP;Extended/pdGGIO63.>Dis.Tele. Carrier RECEPTION Channel 1;TPL512_DISTTELE_CH1;TPL512.GGIO0.SPCSO31.stVal;SP_WARN;TPL512 Dis Tele Carrier RECEPTION Channel 1;WARN;0;1
SP;Control/ALMGGIO1.Emision TDD S_B;TPL512_EMISION;TPL512.GGIO0.SPCSO6.stVal;SP_WARN;TPL512 Emision TDD S_B;WARN;0;1
SP;Control/ALMGGIO1.Llave en Prueba;TPL512_LLAVE_TEST;TPL512.GGIO0.SPCSO8.stVal;SP_WARN;TPL512 Llave en Prueba;WARN;0;1
SP;Protection/Total.Pickup;TPL512_PICKUP;TPL512.GGIO0.SPCSO36.stVal;SP_WARN;TPL512 Pickup;WARN;0;1
SP;Protection/Total.Pickup.phsA;TPL512_PICKUPA;TPL512.GGIO0.SPCSO38.stVal;SP_WARN;TPL512 Pickup phsA;WARN;0;1
SP;Protection/Total.Pickup.phsB;TPL512_PICKUPB;TPL512.GGIO0.SPCSO39.stVal;SP_WARN;TPL512 Pickup phsB;WARN;0;1
SP;Protection/Total.Pickup.phsC;TPL512_PICKUPC;TPL512.GGIO0.SPCSO40.stVal;SP_WARN;TPL512 Pickup phsC;WARN;0;1
SP;Protection/Total.Pickup.neut;TPL512_PICKUPN;TPL512.GGIO0.SPCSO37.stVal;SP_WARN;TPL512 Pickup neut;WARN;0;1
SP;Control/ALMGGIO1.Rx TDD_C_B;TPL512_RXC;TPL512.GGIO0.SPCSO9.stVal;SP_WARN;TPL512 Rx TDD_C_B;WARN;0;1
SP;Control/ALMGGIO1.Rx TDD_S_B;TPL512_RXS;TPL512.GGIO0.SPCSO10.stVal;SP_WARN;TPL512 Rx TDD_S_B;WARN;0;1
SP;Control/ALMGGIO1.Tx TDD C_B;TPL512_TXC;TPL512.GGIO0.SPCSO5.stVal;SP_WARN;TPL512 Tx TDD C_B;WARN;0;1
SP;Extended/pdGGIO161.Uph-ph> TimeOut;TPL512_VPHTIMEOUT;TPL512.GGIO0.SPCSO13.stVal;SP_WARN;TPL512 Uph-ph TimeOut;WARN;0;1
